MAE,RMSE,MAPE,R2,Train_Time,Predict_Time
15.117802606078078,19.228933542506603,11.208258923851007,0.3902593077602947,1.5584149360656738,0.003074169158935547
