MAE,RMSE,MAPE,R2,Train_Time,Predict_Time
11.092128016013467,13.390883898353254,7.975585539475716,0.7042986741275811,0.4674532413482666,0.011225700378417969
