MAE,RMSE,MAPE,R2,Train_Time,Predict_Time
10.540399583005115,14.077236015313009,7.949605820835151,0.6732093919460544,1.071847677230835,0.013547658920288086
